travel_date,line_name,direction,passengers,sales_amount,sales_count,refund_count,refund_amount,seats,train_operations
2025-09-01,강릉선,상행,6068,213410400,8185,3262,73220600,7620,20
2025-09-01,강릉선,하행,5813,198017700,8059,3196,64952700,7620,20
2025-09-01,경부선,상행,43157,2461027400,57688,21462,787518200,48975,56
2025-09-01,경부선,하행,39327,2210051800,50619,18875,688374000,48461,56
2025-09-01,경전선,상행,7223,431820400,10458,4074,149723200,9369,14
2025-09-01,경전선,하행,8970,518685500,12711,5084,180831500,8793,14
2025-09-01,동해선,상행,6434,326289200,8776,3213,101733300,7475,15
2025-09-01,동해선,하행,6750,328947700,9286,3431,103343200,7475,15
2025-09-01,전라선,상행,8258,411473400,11521,4461,140768400,11007,18
2025-09-01,전라선,하행,8966,436377600,12552,4992,148652700,11038,18
2025-09-01,중부내륙선,상행,537,7680000,545,102,1143300,1524,4
2025-09-01,중부내륙선,하행,604,9093300,674,147,1779700,1524,4
2025-09-01,중앙선,상행,3164,90626200,3992,1243,24338800,3048,8
2025-09-01,중앙선,하행,2856,85977400,3861,1374,26080000,3048,8
2025-09-01,호남선,상행,12440,662137900,17142,6160,207519000,18515,28
2025-09-01,호남선,하행,12731,679419500,17359,6319,212000800,18484,28
2025-09-02,강릉선,상행,5190,169361400,6498,2238,50820800,7620,20
2025-09-02,강릉선,하행,5010,165064300,6635,2506,51466800,7620,20
2025-09-02,경부선,상행,37581,2030278400,47814,17279,620898300,48461,56
2025-09-02,경부선,하행,36903,1994008500,45314,16272,595732200,47444,55
2025-09-02,경전선,상행,7058,395390200,9592,3554,127877400,8793,14
2025-09-02,경전선,하행,8296,430789600,11209,4110,136901300,8793,14
2025-09-02,동해선,상행,6211,306257300,8312,3022,94876600,7506,15
2025-09-02,동해선,하행,6370,301908600,8394,3012,93948300,7506,15
2025-09-02,전라선,상행,8107,381455800,10779,4073,123566400,11007,18
2025-09-02,전라선,하행,7952,382557700,10911,4101,125345600,11038,18
2025-09-02,중부내륙선,상행,470,7021800,469,82,1216200,1524,4
2025-09-02,중부내륙선,하행,534,7497500,543,89,1196400,1524,4
2025-09-02,중앙선,상행,2611,68276500,3238,1018,17586800,3048,8
2025-09-02,중앙선,하행,2242,64396700,2871,970,18535300,3048,8
2025-09-02,호남선,상행,11440,606455500,15434,5454,187352900,18484,28
2025-09-02,호남선,하행,11167,593655400,14641,5113,180023600,18484,28
2025-09-03,강릉선,상행,5375,176646900,6788,2374,53982900,7620,20
2025-09-03,강릉선,하행,5158,174707900,6859,2739,57968100,7620,20
2025-09-03,경부선,상행,40286,2172615000,51764,19125,674566600,48399,56
2025-09-03,경부선,하행,40024,2172384600,49256,17853,656969800,47444,55
2025-09-03,경전선,상행,7471,440098900,10535,4297,152726200,8793,14
2025-09-03,경전선,하행,8948,484786300,12466,4876,165829800,8793,14
2025-09-03,동해선,상행,6583,316862900,8958,3431,99021900,7506,15
2025-09-03,동해선,하행,6826,318441800,9138,3353,98141500,7506,15
2025-09-03,전라선,상행,8582,405592000,11645,4567,135368100,11102,18
2025-09-03,전라선,하행,8599,406880000,11383,4294,134963600,11102,18
2025-09-03,중부내륙선,상행,513,7415700,584,132,1296500,1524,4
2025-09-03,중부내륙선,하행,415,6020400,453,89,980600,1524,4
2025-09-03,중앙선,상행,2765,73947400,3411,1106,19462800,3048,8
2025-09-03,중앙선,하행,2381,70526500,3017,1056,21172200,3048,8
2025-09-03,호남선,상행,12437,669563000,17022,6472,217102000,18453,28
2025-09-03,호남선,하행,11818,634932200,15620,5680,196687100,18453,28
2025-09-04,강릉선,상행,5908,193777400,8167,3130,63546400,7620,20
2025-09-04,강릉선,하행,5520,192547300,7830,3346,67305500,7620,20
2025-09-04,경부선,상행,44758,2485039900,59250,23011,815223500,48399,56
2025-09-04,경부선,하행,45367,2568862400,57816,22627,841942800,47444,55
2025-09-04,경전선,상행,8513,504517000,12445,5163,178401900,8762,14
2025-09-04,경전선,하행,9792,528937400,13906,5637,184698300,8762,14
2025-09-04,동해선,상행,7594,387265900,10598,4247,127992400,7506,15
2025-09-04,동해선,하행,7477,367968300,10145,3974,119868800,7506,15
2025-09-04,전라선,상행,9795,462873300,13710,5470,159931900,11007,18
2025-09-04,전라선,하행,9460,464985400,13248,5483,164076800,11038,18
2025-09-04,중부내륙선,상행,737,10179100,881,197,1846300,1524,4
2025-09-04,중부내륙선,하행,468,7368900,535,124,1541800,1524,4
2025-09-04,중앙선,상행,3271,87086500,4484,1673,25720600,3048,8
2025-09-04,중앙선,하행,2743,82251000,3668,1367,24789700,3048,8
2025-09-04,호남선,상행,14008,784193100,20015,8041,274443400,18484,28
2025-09-04,호남선,하행,13359,740030500,18346,7088,242449700,18484,28
2025-09-05,강릉선,상행,8465,287816900,12236,5707,98540100,10287,27
2025-09-05,강릉선,하행,9574,363553000,14515,7885,143783500,10287,27
2025-09-05,경부선,상행,62783,3590431700,91608,42630,1253367500,59422,69
2025-09-05,경부선,하행,71408,4334993400,105594,51411,1572272500,58088,67
2025-09-05,경전선,상행,13312,779053500,21377,10775,292719600,10309,18
2025-09-05,경전선,하행,13128,711645000,20448,10330,263750900,10278,18
2025-09-05,동해선,상행,10579,556884800,16699,8243,203850200,7885,16
2025-09-05,동해선,하행,9493,489269500,14288,6802,173929400,7885,16
2025-09-05,전라선,상행,15206,723122300,23925,12443,270608600,12372,20
2025-09-05,전라선,하행,12817,648083900,19050,9511,237913400,12948,20
2025-09-05,중부내륙선,상행,816,12456300,955,227,2324300,1524,4
2025-09-05,중부내륙선,하행,779,12234100,843,191,2137000,1524,4
2025-09-05,중앙선,상행,4211,124527900,6220,2887,40956800,3048,8
2025-09-05,중앙선,하행,3571,117188500,5236,2505,40823700,3048,8
2025-09-05,호남선,상행,18325,1053679400,28136,13878,383761900,19467,28
2025-09-05,호남선,하행,19222,1116350400,29783,15345,417699600,19467,28
2025-09-06,강릉선,상행,9929,358021400,13636,6949,140654600,11430,30
2025-09-06,강릉선,하행,10852,435615400,16196,9467,192444700,11430,30
2025-09-06,경부선,상행,68874,3869372900,94302,42283,1392004600,60513,70
2025-09-06,경부선,하행,71881,4186317500,97634,45678,1550034700,59558,69
2025-09-06,경전선,상행,12379,696907000,18789,9174,267932400,10278,18
2025-09-06,경전선,하행,15085,831668200,22585,10995,321457900,10278,18
2025-09-06,동해선,상행,10729,544585000,15680,7367,201622300,7854,16
2025-09-06,동해선,하행,10887,568581700,16122,7833,212310400,7854,16
2025-09-06,전라선,상행,15013,743011200,21518,11028,289266700,13296,21
2025-09-06,전라선,하행,16421,848911000,24199,12891,342720800,13327,21
2025-09-06,중부내륙선,상행,902,16106600,960,277,4211600,1524,4
2025-09-06,중부내륙선,하행,979,17588300,1019,327,4576600,1524,4
2025-09-06,중앙선,상행,4666,145268400,6636,3278,53121400,3429,9
2025-09-06,중앙선,하행,4431,143095500,6232,3150,54049400,3429,9
2025-09-06,호남선,상행,19051,1097354200,27586,13477,420905600,19436,28
2025-09-06,호남선,하행,20406,1228959200,29354,14705,480516500,19436,28
2025-09-07,강릉선,상행,11008,463739500,16838,10387,212094100,11430,30
2025-09-07,강릉선,하행,9307,314162500,12877,5840,108043000,11430,30
2025-09-07,경부선,상행,69777,4213949500,96018,44287,1509119600,59558,69
2025-09-07,경부선,하행,66295,3611960800,88396,36869,1196942500,58603,68
2025-09-07,경전선,상행,14833,830367100,22918,11522,317464600,10278,18
2025-09-07,경전선,하행,12011,647342600,17798,8377,236069000,10278,18
2025-09-07,동해선,상행,12116,635284900,18241,8996,236019200,7854,16
2025-09-07,동해선,하행,8326,429964600,12237,5572,152677200,7854,16
2025-09-07,전라선,상행,14118,948114800,26668,16641,504304100,12751,21
2025-09-07,전라선,하행,11105,603029500,18044,9237,260190400,12782,21
2025-09-07,중부내륙선,상행,925,16574500,1024,326,4020400,1524,4
2025-09-07,중부내륙선,하행,1190,17263600,1395,380,3340000,1524,4
2025-09-07,중앙선,상행,4569,145375100,6641,3372,52842900,3429,9
2025-09-07,중앙선,하행,4290,131608200,6045,2710,43669500,3429,9
2025-09-07,호남선,상행,19821,1193727000,29667,15209,469902800,19436,28
2025-09-07,호남선,하행,18047,987016800,25842,12097,353400800,19436,28
2025-09-08,강릉선,상행,6235,212632700,8172,2979,71006700,7620,20
2025-09-08,강릉선,하행,5732,183826800,7701,2844,57811200,7620,20
2025-09-08,경부선,상행,44320,2436469600,57908,20877,744605400,48975,56
2025-09-08,경부선,하행,41699,2270145000,52209,18500,679681800,48399,56
2025-09-08,경전선,상행,7199,411941000,10332,3936,138928700,8793,14
2025-09-08,경전선,하행,9330,494971600,12957,4876,161617600,8793,14
2025-09-08,동해선,상행,6605,329010200,8960,3277,102276600,7506,15
2025-09-08,동해선,하행,7526,349387500,9790,3314,99073300,7506,15
2025-09-08,전라선,상행,8941,440924800,12218,4752,149995000,11007,18
2025-09-08,전라선,하행,9824,464702500,13367,5029,150764900,11038,18
2025-09-08,중부내륙선,상행,503,7167600,538,84,895400,1524,4
2025-09-08,중부내륙선,하행,731,10242100,807,152,1505400,1524,4
2025-09-08,중앙선,상행,3080,89823700,4014,1302,24907400,3048,8
2025-09-08,중앙선,하행,3072,88952200,4044,1355,25296900,3048,8
2025-09-08,호남선,상행,13135,679786400,17883,6259,207426600,18453,28
2025-09-08,호남선,하행,13483,700768400,17906,6082,207556700,18453,28
2025-09-09,강릉선,상행,5189,166712000,6475,2290,52114800,7620,20
2025-09-09,강릉선,하행,4926,158478100,6393,2425,49759000,7620,20
2025-09-09,경부선,상행,40319,2189399200,50743,18560,670622400,48399,56
2025-09-09,경부선,하행,39959,2140205600,48102,16888,622389900,47444,55
2025-09-09,경전선,상행,7390,424021000,10198,3906,138316400,8762,14
2025-09-09,경전선,하행,8973,470930800,12145,4577,151751500,8762,14
2025-09-09,동해선,상행,6745,335305900,8968,3316,103207700,7475,15
2025-09-09,동해선,하행,6729,318548400,8771,3037,93985100,7475,15
2025-09-09,전라선,상행,8672,415625900,11715,4539,139300000,11038,18
2025-09-09,전라선,하행,8645,405884900,11588,4366,131144600,11038,18
2025-09-09,중부내륙선,상행,501,7444900,494,83,1004800,1524,4
2025-09-09,중부내륙선,하행,524,7485200,523,99,1134600,1524,4
2025-09-09,중앙선,상행,2812,76112200,3434,1048,19952800,3048,8
2025-09-09,중앙선,하행,2530,73486600,3102,1085,20603500,3048,8
2025-09-09,호남선,상행,12290,659891200,16438,6081,211492700,18453,28
2025-09-09,호남선,하행,12139,662637000,15958,5694,203138000,18453,28
2025-09-10,강릉선,상행,5192,165535400,6644,2359,51288200,7620,20
2025-09-10,강릉선,하행,5156,171635400,6852,2698,56842600,7620,20
2025-09-10,경부선,상행,42707,2349676600,54725,20443,743175700,48399,56
2025-09-10,경부선,하행,43319,2402863100,53353,19718,734106600,47444,55
2025-09-10,경전선,상행,8074,480398300,11526,4677,169209300,8762,14
2025-09-10,경전선,하행,9421,506320000,12967,4974,170585100,8762,14
2025-09-10,동해선,상행,7217,362032800,9883,3814,116540000,7475,15
2025-09-10,동해선,하행,7171,339801000,9423,3423,101359500,7475,15
2025-09-10,전라선,상행,9101,435079200,12468,5083,148947200,11007,18
2025-09-10,전라선,하행,9336,445699000,12420,4752,146112400,11038,18
2025-09-10,중부내륙선,상행,532,8324100,582,124,1403100,1524,4
2025-09-10,중부내륙선,하행,510,7190600,509,72,899500,1524,4
2025-09-10,중앙선,상행,2924,78775400,3700,1209,21443000,3048,8
2025-09-10,중앙선,하행,2673,76394000,3290,1067,20297600,3048,8
2025-09-10,호남선,상행,13319,721501000,18269,7024,238585300,18453,28
2025-09-10,호남선,하행,12773,691268000,16812,6136,214554600,18453,28
2025-09-11,강릉선,상행,5942,191279600,8003,2863,60092700,7620,20
2025-09-11,강릉선,하행,5636,189715700,7741,3121,64237400,7620,20
2025-09-11,경부선,상행,48251,2682456000,64095,25134,885810300,48430,56
2025-09-11,경부선,하행,48522,2773017000,62773,24384,909707200,47475,55
2025-09-11,경전선,상행,9352,540117400,13493,5475,193107300,8762,14
2025-09-11,경전선,하행,10415,558436900,14779,6055,195586400,8762,14
2025-09-11,동해선,상행,8169,414754100,11533,4688,142158700,7506,15
2025-09-11,동해선,하행,8101,394585100,11170,4521,132636500,7506,15
2025-09-11,전라선,상행,10426,493698900,14710,6001,170594200,11007,18
2025-09-11,전라선,하행,10453,509838700,14437,5903,174600900,11038,18
2025-09-11,중부내륙선,상행,779,10504200,843,134,1378800,1524,4
2025-09-11,중부내륙선,하행,516,7740500,548,111,1267400,1524,4
2025-09-11,중앙선,상행,3458,94857500,4619,1673,27480000,3048,8
2025-09-11,중앙선,하행,2887,86638700,3759,1359,25108000,3048,8
2025-09-11,호남선,상행,15308,835002600,21530,8485,284067200,18453,28
2025-09-11,호남선,하행,14034,771351900,19412,7526,256408200,18453,28
2025-09-12,강릉선,상행,8622,288757800,12561,5730,97415700,10287,27
2025-09-12,강릉선,하행,8962,361859800,14348,8254,155289800,10287,27
2025-09-12,경부선,상행,68377,3927570300,99413,46431,1364789700,59422,69
2025-09-12,경부선,하행,73486,4548169200,110731,55596,1715192300,58088,67
2025-09-12,경전선,상행,13768,816818200,22808,11957,318410600,10278,18
2025-09-12,경전선,하행,13744,744158100,21672,11148,279981700,10278,18
2025-09-12,동해선,상행,11178,591433400,17758,8925,217948100,7854,16
2025-09-12,동해선,하행,10182,529454000,15509,7760,192745400,7854,16
2025-09-12,전라선,상행,16049,767051300,25220,13562,293663800,12372,20
2025-09-12,전라선,하행,13269,685435400,19901,10393,261819900,12403,20
2025-09-12,중부내륙선,상행,886,12818400,990,238,1991700,1524,4
2025-09-12,중부내륙선,하행,836,13154600,861,214,2085800,1524,4
2025-09-12,중앙선,상행,4247,127795000,6264,2898,40627800,3048,8
2025-09-12,중앙선,하행,3580,123179000,5306,2573,44429100,3048,8
2025-09-12,호남선,상행,20038,1128881700,31203,15594,413788300,19436,28
2025-09-12,호남선,하행,20003,1155389200,31478,16293,437667600,19436,28
2025-09-13,강릉선,상행,10016,387211300,14884,8064,169955500,11430,30
2025-09-13,강릉선,하행,10724,456441300,16689,10355,217374100,11430,30
2025-09-13,경부선,상행,73930,4265801200,103692,48645,1566005400,60513,70
2025-09-13,경부선,하행,75131,4452685800,104670,50777,1699172800,59558,69
2025-09-13,경전선,상행,12969,735456600,20092,10028,289962400,10309,18
2025-09-13,경전선,하행,15703,865516100,23969,11992,344478600,10309,18
2025-09-13,동해선,상행,11522,598858100,17557,8676,230325800,7854,16
2025-09-13,동해선,하행,11579,612531000,17810,9085,242007000,7854,16
2025-09-13,전라선,상행,16061,817614700,24084,12847,336418700,12751,21
2025-09-13,전라선,하행,16876,884423000,25551,14224,368357600,12782,21
2025-09-13,중부내륙선,상행,911,15894200,1003,298,3755800,1524,4
2025-09-13,중부내륙선,하행,971,17927800,1072,370,4765100,1524,4
2025-09-13,중앙선,상행,4664,153429200,6992,3652,60708700,3429,9
2025-09-13,중앙선,하행,4409,154596800,6625,3664,63575300,3429,9
2025-09-13,호남선,상행,19956,1171238100,30071,15644,459114900,19436,28
2025-09-13,호남선,하행,20992,1290587600,31509,16399,518522900,19436,28
2025-09-14,강릉선,상행,11050,454023900,16632,10134,205943800,11430,30
2025-09-14,강릉선,하행,10063,329140700,13810,6087,111923400,11430,30
2025-09-14,경부선,상행,75205,4550368600,105126,50172,1667532200,59998,69
2025-09-14,경부선,하행,75015,4024600700,99350,41467,1329113000,58603,68
2025-09-14,경전선,상행,15525,859658800,24086,12133,329357900,10309,18
2025-09-14,경전선,하행,12849,694093600,19130,8900,253049800,10309,18
2025-09-14,동해선,상행,12720,660774900,19329,9850,248001100,7854,16
2025-09-14,동해선,하행,9549,470046700,13566,6039,161980600,7885,16
2025-09-14,전라선,상행,17838,893428300,26050,13954,356667700,13296,21
2025-09-14,전라선,하행,12957,617882900,18436,8630,221478100,13327,21
2025-09-14,중부내륙선,상행,1036,17423600,1150,313,3634200,1524,4
2025-09-14,중부내륙선,하행,1297,18663100,1584,458,3813200,1524,4
2025-09-14,중앙선,상행,4554,158575500,6963,3631,61959300,3429,9
2025-09-14,중앙선,하행,4387,137798500,6351,2917,49155900,3429,9
2025-09-14,호남선,상행,21713,1244192000,32094,16081,478194500,19436,28
2025-09-14,호남선,하행,19653,1043303000,27906,12774,363914800,19436,28
2025-09-15,강릉선,상행,6015,195509800,7818,2767,63180100,7620,20
2025-09-15,강릉선,하행,6065,192602400,8346,3152,60033300,7620,20
2025-09-15,경부선,상행,48052,2669553200,62928,22945,836062500,49006,56
2025-09-15,경부선,하행,47437,2606225800,59672,21696,796575100,48430,56
2025-09-15,경전선,상행,7916,446012600,11046,4202,146915600,8762,14
2025-09-15,경전선,하행,10537,567728700,14649,5627,188127100,8762,14
2025-09-15,동해선,상행,7040,353225300,9567,3491,109425900,7537,15
2025-09-15,동해선,하행,8781,422741100,11958,4498,133647400,7506,15
2025-09-15,전라선,상행,9388,472671100,13062,5211,166388400,11038,18
2025-09-15,전라선,하행,10814,523228000,14898,5812,177853400,11069,18
2025-09-15,중부내륙선,상행,560,8399600,573,99,1236400,1524,4
2025-09-15,중부내륙선,하행,813,11373400,869,162,1743600,1524,4
2025-09-15,중앙선,상행,3188,94130700,4134,1365,26477900,3048,8
2025-09-15,중앙선,하행,3387,102040300,4519,1614,30459400,3048,8
2025-09-15,호남선,상행,13761,725434600,18903,6886,229895600,18484,28
2025-09-15,호남선,하행,15033,784097100,20281,7340,238246500,18484,28
2025-09-16,강릉선,상행,5161,163989900,6441,2259,49575600,7620,20
2025-09-16,강릉선,하행,4931,158949000,6308,2370,48784300,7620,20
2025-09-16,경부선,상행,42566,2337538400,54025,20215,742273400,48399,56
2025-09-16,경부선,하행,42771,2352609300,52425,19322,722339700,47444,55
2025-09-16,경전선,상행,7950,460101100,11042,4366,156932000,8793,14
2025-09-16,경전선,하행,9702,517716700,13339,5233,175235900,8793,14
2025-09-16,동해선,상행,7037,357371700,9554,3713,119451700,7506,15
2025-09-16,동해선,하행,7157,345724000,9325,3347,109105100,7506,15
2025-09-16,전라선,상행,9194,430393400,12108,4679,140240000,11007,18
2025-09-16,전라선,하행,9173,444136700,12421,4903,151045700,11038,18
2025-09-16,중부내륙선,상행,537,7809100,559,112,1263300,1524,4
2025-09-16,중부내륙선,하행,591,8340100,594,116,1293000,1524,4
2025-09-16,중앙선,상행,2839,77057600,3452,1087,19977600,3048,8
2025-09-16,중앙선,하행,2526,72408700,3144,1105,20290100,3048,8
2025-09-16,호남선,상행,12970,690150600,17592,6716,224383700,18453,28
2025-09-16,호남선,하행,12785,700342600,16894,6292,219869100,18453,28
2025-09-17,강릉선,상행,4935,158408800,6292,2139,48585500,7620,20
2025-09-17,강릉선,하행,4507,154453600,6079,2450,53656100,7620,20
2025-09-17,경부선,상행,45862,2604524700,58955,22685,858836400,48399,56
2025-09-17,경부선,하행,46209,2766705000,58973,23721,969269900,47444,55
2025-09-17,경전선,상행,8696,521696300,12423,5230,189266100,8793,14
2025-09-17,경전선,하행,9929,561542300,14206,5844,205806300,8793,14
2025-09-17,동해선,상행,7650,394568700,10564,4280,136861700,7506,15
2025-09-17,동해선,하행,7827,385567700,10793,4321,130045700,7506,15
2025-09-17,전라선,상행,9496,466435800,13250,5622,166302600,11007,18
2025-09-17,전라선,하행,9500,459917200,12978,5123,158417000,11038,18
2025-09-17,중부내륙선,상행,510,7973600,555,121,1400000,1524,4
2025-09-17,중부내륙선,하행,470,7230700,521,112,1372100,1524,4
2025-09-17,중앙선,상행,2880,81254600,3638,1198,22465000,3048,8
2025-09-17,중앙선,하행,2543,77337400,3302,1169,23993000,3048,8
2025-09-17,호남선,상행,13814,747728900,18897,7293,247492600,18484,28
2025-09-17,호남선,하행,13312,727179500,17766,6783,235905700,18484,28
2025-09-18,강릉선,상행,6043,195288600,8092,3031,63785000,7620,20
2025-09-18,강릉선,하행,5691,191499400,7786,3087,65531200,7620,20
2025-09-18,경부선,상행,50511,2876948700,68050,27134,983983900,48399,56
2025-09-18,경부선,하행,51443,3080922300,68129,27710,1076838700,47444,55
2025-09-18,경전선,상행,9785,586670500,14502,6298,222750100,8793,14
2025-09-18,경전선,하행,11098,586642200,15806,6590,213526900,8793,14
2025-09-18,동해선,상행,8857,457523000,12449,5165,159947100,7506,15
2025-09-18,동해선,하행,8924,436391900,12252,5018,147391400,7506,15
2025-09-18,전라선,상행,10786,520751500,15301,6391,187435700,11007,18
2025-09-18,전라선,하행,10720,528504500,15070,6192,188980900,11069,18
2025-09-18,중부내륙선,상행,774,11141400,851,162,1843200,1524,4
2025-09-18,중부내륙선,하행,482,7731200,491,103,1465000,1524,4
2025-09-18,중앙선,상행,3491,98251300,4769,1814,30715400,3048,8
2025-09-18,중앙선,하행,2941,93702400,3953,1497,30758400,3048,8
2025-09-18,호남선,상행,15563,869930500,22347,9181,304810900,18484,28
2025-09-18,호남선,하행,14927,835643500,20702,8280,282832500,18484,28
2025-09-19,강릉선,상행,8648,290372900,12629,5884,99382400,10287,27
2025-09-19,강릉선,하행,9009,346378900,13962,7778,142309900,10287,27
2025-09-19,경부선,상행,68745,4020691200,101088,47996,1437023300,59453,69
2025-09-19,경부선,하행,76027,4871830600,118029,61119,1902718000,58119,67
2025-09-19,경전선,상행,13928,821097400,22566,11634,321863100,10885,18
2025-09-19,경전선,하행,14993,815941100,23489,12149,309055200,10885,18
2025-09-19,동해선,상행,11271,600171700,17934,9065,222988600,7916,16
2025-09-19,동해선,하행,10465,561089600,16714,8741,215976900,7916,16
2025-09-19,전라선,상행,16057,762784000,25432,13576,292250300,12341,20
2025-09-19,전라선,하행,14091,720747200,20914,10927,271812400,12310,20
2025-09-19,중부내륙선,상행,931,14721500,1080,263,2903700,1524,4
2025-09-19,중부내륙선,하행,885,14902000,958,235,3038900,1524,4
2025-09-19,중앙선,상행,4243,131728100,6279,2865,44545300,3048,8
2025-09-19,중앙선,하행,3618,124012300,5240,2490,44111100,3048,8
2025-09-19,호남선,상행,20144,1145731800,31080,15693,423040800,19374,28
2025-09-19,호남선,하행,20741,1196723000,32761,17246,454227400,19374,28
2025-09-20,강릉선,상행,9811,368422400,14284,7638,160917300,11430,30
2025-09-20,강릉선,하행,10902,436251300,16658,10066,200915300,11430,30
2025-09-20,경부선,상행,78005,4485501500,109757,51985,1670583000,60544,70
2025-09-20,경부선,하행,80254,4768348300,114278,56025,1860907100,59589,69
2025-09-20,경전선,상행,13433,778071900,21194,10926,314751300,10309,18
2025-09-20,경전선,하행,16306,879498100,24708,12412,342489900,10340,18
2025-09-20,동해선,상행,12159,620666700,18281,9228,237964000,7885,16
2025-09-20,동해선,하행,12291,642444200,19053,9834,252253000,7916,16
2025-09-20,전라선,상행,16614,834263500,24829,13400,342921100,12720,21
2025-09-20,전라선,하행,17767,899275700,26136,14320,371754800,12689,21
2025-09-20,중부내륙선,상행,1009,19577800,1098,364,5700700,1524,4
2025-09-20,중부내륙선,하행,1276,24919300,1372,513,7558700,1524,4
2025-09-20,중앙선,상행,4804,163458800,7160,3775,65374900,3429,9
2025-09-20,중앙선,하행,4650,161981200,6883,3725,65191000,3429,9
2025-09-20,호남선,상행,21090,1225573000,30992,15754,477212600,19374,28
2025-09-20,호남선,하행,23079,1398550800,34996,18722,564272200,19374,28
2025-09-21,강릉선,상행,10682,431070600,16037,9543,193999100,11430,30
2025-09-21,강릉선,하행,9454,309397900,13139,5901,105130200,11430,30
2025-09-21,경부선,상행,77143,4850674100,110202,54631,1851383500,59589,69
2025-09-21,경부선,하행,75282,4155568100,103217,44678,1425215400,58634,68
2025-09-21,경전선,상행,15960,861053100,24393,12311,330224000,10309,18
2025-09-21,경전선,하행,13469,742936600,20389,9946,282017200,10309,18
2025-09-21,동해선,상행,12973,665228900,20022,10409,251492100,7916,16
2025-09-21,동해선,하행,9724,486021800,14181,6528,169088000,7885,16
2025-09-21,전라선,상행,18011,875593700,25858,14003,344406100,12689,21
2025-09-21,전라선,하행,13493,659640300,19714,9695,247364900,12689,21
2025-09-21,중부내륙선,상행,1149,20759700,1232,400,5353300,1524,4
2025-09-21,중부내륙선,하행,1299,19580600,1610,547,4525400,1524,4
2025-09-21,중앙선,상행,4570,160371400,6807,3641,61589300,3429,9
2025-09-21,중앙선,하행,4431,143009600,6326,3061,53128700,3429,9
2025-09-21,호남선,상행,22754,1323434600,33951,17658,521258500,19405,28
2025-09-21,호남선,하행,20103,1108481800,29289,14351,401040200,19405,28
2025-09-22,강릉선,상행,5818,189255800,7626,2687,59322000,7620,20
2025-09-22,강릉선,하행,5910,185215700,7876,2780,54525200,7620,20
2025-09-22,경부선,상행,51292,3024699500,69127,26477,1016107300,49006,56
2025-09-22,경부선,하행,47040,2628599900,60614,22643,827802800,48430,56
2025-09-22,경전선,상행,7967,462413300,11450,4502,160896900,8824,14
2025-09-22,경전선,하행,10354,554804000,14826,5878,190394500,8793,14
2025-09-22,동해선,상행,7669,386950500,10418,3923,123748500,7537,15
2025-09-22,동해선,하행,8546,409171600,11657,4440,128646500,7537,15
2025-09-22,전라선,상행,9610,478613900,13457,5439,169100400,10945,18
2025-09-22,전라선,하행,10683,507345000,14897,5797,173666100,10945,18
2025-09-22,중부내륙선,상행,644,9519400,662,125,1414600,1524,4
2025-09-22,중부내륙선,하행,830,11262400,903,176,1631100,1524,4
2025-09-22,중앙선,상행,3302,95660600,4221,1370,26589800,3048,8
2025-09-22,중앙선,하행,3250,97940000,4330,1544,29131400,3048,8
2025-09-22,호남선,상행,14673,793356100,20523,7758,262860600,18453,28
2025-09-22,호남선,하행,15290,834421500,21177,7987,271041800,18453,28
2025-09-23,강릉선,상행,5397,163295900,6512,2125,45621600,7620,20
2025-09-23,강릉선,하행,5028,155423300,6459,2299,44943800,7620,20
2025-09-23,경부선,상행,46843,2696243200,61314,23781,890203700,48494,56
2025-09-23,경부선,하행,44983,2541727500,57052,21688,822814900,47539,55
2025-09-23,경전선,상행,8447,506266400,12062,5080,186588400,8824,14
2025-09-23,경전선,하행,9812,538784300,13801,5618,190168700,8824,14
2025-09-23,동해선,상행,7594,384979200,10415,4036,125992000,7506,15
2025-09-23,동해선,하행,7641,366129800,10267,3796,113536200,7506,15
2025-09-23,전라선,상행,9749,474562500,13430,5666,167840800,11040,18
2025-09-23,전라선,하행,9755,469776200,13165,5231,161220500,11040,18
2025-09-23,중부내륙선,상행,563,7898500,546,110,1053400,1524,4
2025-09-23,중부내륙선,하행,639,8467000,621,101,1156400,1524,4
2025-09-23,중앙선,상행,3083,88844800,3886,1261,25095600,3048,8
2025-09-23,중앙선,하행,2720,81239200,3432,1177,23376700,3048,8
2025-09-23,호남선,상행,14273,775320800,19523,7614,261111300,18453,28
2025-09-23,호남선,하행,13707,763228100,18565,7234,252741500,18453,28
2025-09-24,강릉선,상행,4927,156633400,6393,2222,47101900,7620,20
2025-09-24,강릉선,하행,4547,149595900,6188,2492,48459600,7620,20
2025-09-24,경부선,상행,46890,2740958000,62925,25332,942603200,48399,56
2025-09-24,경부선,하행,45599,2681466900,59791,24249,935293800,47444,55
2025-09-24,경전선,상행,8675,502329700,12468,5078,180101800,9369,14
2025-09-24,경전선,하행,10031,550470900,14208,5777,191022600,8824,14
2025-09-24,동해선,상행,8288,425524400,11714,4780,147609800,7537,15
2025-09-24,동해선,하행,8002,396306200,11185,4579,134455800,7568,15
2025-09-24,전라선,상행,9909,489223300,13927,5927,177981700,11007,18
2025-09-24,전라선,하행,9670,480649600,13647,5787,176084700,11007,18
2025-09-24,중부내륙선,상행,520,7395000,548,110,1154200,1524,4
2025-09-24,중부내륙선,하행,466,6979100,504,99,1355000,1524,4
2025-09-24,중앙선,상행,3055,86720800,3822,1373,26144000,3048,8
2025-09-24,중앙선,하행,2695,84043200,3458,1267,25792400,3048,8
2025-09-24,호남선,상행,14285,792943000,20086,8093,276327400,18422,28
2025-09-24,호남선,하행,13406,772815400,18495,7497,271147600,18422,28
2025-09-25,강릉선,상행,5924,188333200,7984,2976,59767100,7620,20
2025-09-25,강릉선,하행,5826,191874400,7788,3143,64190300,7620,20
2025-09-25,경부선,상행,52000,3079096400,73389,31588,1122169300,48430,56
2025-09-25,경부선,하행,51888,3222100200,72069,30926,1191289900,47506,55
2025-09-25,경전선,상행,9907,594453800,14903,6406,224649500,8793,14
2025-09-25,경전선,하행,10725,594217300,15985,6859,222751500,8762,14
2025-09-25,동해선,상행,9320,500992700,13888,6238,187765600,7537,15
2025-09-25,동해선,하행,9215,471070300,13129,5685,168179200,7506,15
2025-09-25,전라선,상행,11286,559878000,16959,7740,212889000,11007,18
2025-09-25,전라선,하행,10995,564049900,15840,6912,211538400,10976,18
2025-09-25,중부내륙선,상행,764,10814900,872,182,1889700,1524,4
2025-09-25,중부내륙선,하행,478,7549400,531,116,1417300,1524,4
2025-09-25,중앙선,상행,3429,99104100,4842,1883,31670900,3048,8
2025-09-25,중앙선,하행,2958,95763700,3956,1529,31467100,3048,8
2025-09-25,호남선,상행,16311,934282900,23873,10364,345740200,18422,28
2025-09-25,호남선,하행,15255,890134800,22144,9603,328691800,18453,28
2025-09-26,강릉선,상행,8735,291535300,12796,6035,98550200,10287,27
2025-09-26,강릉선,하행,8879,342828400,13485,7303,136424100,10287,27
2025-09-26,경부선,상행,71246,4361465600,107198,54455,1670791200,59453,69
2025-09-26,경부선,하행,76992,5102450200,121461,65293,2049998500,58088,67
2025-09-26,경전선,상행,13694,815409600,22636,11982,318639900,10309,18
2025-09-26,경전선,하행,14181,789627000,22777,12083,308414100,10340,18
2025-09-26,동해선,상행,11170,609036200,18101,9640,236957300,7854,16
2025-09-26,동해선,하행,11107,588958400,17832,9704,233061700,7854,16
2025-09-26,전라선,상행,16235,783282100,26218,14689,311683900,12310,20
2025-09-26,전라선,하행,13868,751029300,21657,12316,303972700,12341,20
2025-09-26,중부내륙선,상행,981,14272200,1084,239,2152300,1524,4
2025-09-26,중부내륙선,하행,813,13201500,885,231,2521300,1524,4
2025-09-26,중앙선,상행,4280,130390100,6355,3026,43608700,3048,8
2025-09-26,중앙선,하행,3564,123647500,5188,2580,44974300,3048,8
2025-09-26,호남선,상행,20796,1225476700,33176,18046,475787200,19436,28
2025-09-26,호남선,하행,20666,1253460300,33676,19094,507922600,19405,28
2025-09-27,강릉선,상행,10844,376221600,15111,7634,147244200,11430,30
2025-09-27,강릉선,하행,11332,433013300,16961,9964,188212700,11430,30
2025-09-27,경부선,상행,80972,4751268400,116142,56885,1826868300,60513,70
2025-09-27,경부선,하행,82533,5124273000,121563,63915,2112055500,59558,69
2025-09-27,경전선,상행,13929,783612200,21554,11097,314022000,10340,18
2025-09-27,경전선,하행,16148,873045700,24782,12722,342243700,10309,18
2025-09-27,동해선,상행,11933,619088600,18095,9217,246061600,7916,16
2025-09-27,동해선,하행,12123,660538200,19266,10450,275121100,7916,16
2025-09-27,전라선,상행,17217,876174700,25884,14470,371867000,12720,21
2025-09-27,전라선,하행,17324,923121100,26189,15098,402058200,12689,21
2025-09-27,중부내륙선,상행,1069,18468500,1131,354,4440800,1524,4
2025-09-27,중부내륙선,하행,1170,21045800,1188,394,5156400,1524,4
2025-09-27,중앙선,상행,4863,164658500,7111,3752,64872700,3429,9
2025-09-27,중앙선,하행,4824,166681900,6911,3629,65822000,3429,9
2025-09-27,호남선,상행,21655,1273704200,32131,17011,510384300,19405,28
2025-09-27,호남선,하행,23087,1438893000,35362,19773,609774400,19405,28
2025-09-28,강릉선,상행,10103,408038900,14851,8689,179071800,11430,30
2025-09-28,강릉선,하행,9452,319661800,13639,6471,114683100,11430,30
2025-09-28,경부선,상행,72901,4851975500,106214,54877,1938411000,59558,69
2025-09-28,경부선,하행,72415,4271812100,103347,48162,1585982300,58603,68
2025-09-28,경전선,상행,14829,860490600,23477,12736,351905000,10340,18
2025-09-28,경전선,하행,12992,727952900,19770,9707,272534900,10340,18
2025-09-28,동해선,상행,12141,674669700,19052,10367,279325300,7885,16
2025-09-28,동해선,하행,9521,507008800,14362,7143,191758100,7916,16
2025-09-28,전라선,상행,16502,894008900,25344,14999,388504400,12720,21
2025-09-28,전라선,하행,13417,683772600,19988,10425,271322800,12720,21
2025-09-28,중부내륙선,상행,964,18063500,1051,344,4564600,1524,4
2025-09-28,중부내륙선,하행,1230,19451700,1570,595,5037900,1524,4
2025-09-28,중앙선,상행,4448,170974800,6848,3937,71508200,3429,9
2025-09-28,중앙선,하행,4263,141238300,6179,3079,52779700,3429,9
2025-09-28,호남선,상행,20340,1350506100,32504,19193,600394100,19405,28
2025-09-28,호남선,하행,19958,1151044000,29769,15268,437660600,19405,28
2025-09-29,강릉선,상행,5715,185631200,7483,2719,58819900,7620,20
2025-09-29,강릉선,하행,6057,194284700,8389,3341,62639300,7620,20
2025-09-29,경부선,상행,50770,3046546500,71860,29325,1077698900,49037,56
2025-09-29,경부선,하행,47395,2803425600,65292,26858,986760500,48461,56
2025-09-29,경전선,상행,7981,469223200,11801,4882,170800600,8793,14
2025-09-29,경전선,하행,10348,576893500,15419,6553,209435000,8793,14
2025-09-29,동해선,상행,7379,394673000,10825,4502,141590800,7568,15
2025-09-29,동해선,하행,8546,430258300,12535,5139,148466000,7537,15
2025-09-29,전라선,상행,9607,491989400,13854,5947,182793300,10976,18
2025-09-29,전라선,하행,10798,541850700,15879,7018,200086800,10976,18
2025-09-29,중부내륙선,상행,599,8663900,623,109,1253600,1524,4
2025-09-29,중부내륙선,하행,783,10961300,895,176,1700900,1524,4
2025-09-29,중앙선,상행,3268,101309600,4274,1479,31822900,3048,8
2025-09-29,중앙선,하행,3206,101877900,4488,1806,33263500,3048,8
2025-09-29,호남선,상행,14542,809998800,20764,8389,283759700,18453,28
2025-09-29,호남선,하행,15558,883347600,22682,9487,312347600,18453,28
2025-09-30,강릉선,상행,5245,170518900,6865,2571,54620600,7620,20
2025-09-30,강릉선,하행,5020,162132200,6845,2704,51695800,7620,20
2025-09-30,경부선,상행,43631,2626705000,61395,26062,978252600,48430,56
2025-09-30,경부선,하행,45108,2769108400,63599,27219,1038694600,47475,55
2025-09-30,경전선,상행,8406,529459600,12882,5840,209924900,8824,14
2025-09-30,경전선,하행,9885,587111500,15236,6778,231858600,8824,14
2025-09-30,동해선,상행,7068,386119200,10348,4589,143029500,7506,15
2025-09-30,동해선,하행,7823,413330800,11386,4765,150293000,7506,15
2025-09-30,전라선,상행,9195,473608300,13426,5875,181045200,10976,18
2025-09-30,전라선,하행,9287,482380600,13767,6045,183265800,11007,18
2025-09-30,중부내륙선,상행,615,9589900,638,126,1688000,1524,4
2025-09-30,중부내륙선,하행,616,9316600,626,122,1664700,1524,4
2025-09-30,중앙선,상행,3067,86597700,3941,1342,25315800,3048,8
2025-09-30,중앙선,하행,2799,89291200,3759,1475,30292500,3048,8
2025-09-30,호남선,상행,13350,764425000,19464,8248,279810500,18422,28
2025-09-30,호남선,하행,13716,825492700,20041,8601,308025200,18422,28